{"template_category":{"0":"25_7_19_13","1":"15_0_others","2":"27_22","3":"24_10_11","4":"16_14","5":"18","6":"20","7":"23","8":"21","9":"26","10":"29"},"count":{"0":4044,"1":1887,"2":1781,"3":1429,"4":1388,"5":766,"6":731,"7":720,"8":278,"9":164,"10":119},"Percentage":{"0":30.3900202901,"1":14.1805065003,"2":13.3839332682,"3":10.7387089502,"4":10.4306004359,"5":5.7563688284,"6":5.493349365,"7":5.4106861051,"8":2.0891260239,"9":1.2324340573,"10":0.8942661757}}