{"template_category":{"0":"25_7_19_13","1":"15_0_others","2":"16_14","3":"18","4":"27_22","5":"20","6":"24_10_11","7":"23","8":"21","9":"26","10":"29"},"count":{"0":18037,"1":6968,"2":6889,"3":5530,"4":5016,"5":4078,"6":2592,"7":2324,"8":1390,"9":570,"10":472},"Percentage":{"0":33.4849441206,"1":12.9358036609,"2":12.78914343,"3":10.266216166,"4":9.3119964356,"5":7.5706382505,"6":4.8119407418,"7":4.3144098318,"8":2.5804774812,"9":1.0581814131,"10":0.8762484684}}