{"template_category":{"0":"25_7_19_13","1":"16_14","2":"18","3":"15_0_others","4":"20","5":"27_22","6":"23","7":"24_10_11","8":"21","9":"26","10":"29"},"count":{"0":30590,"1":11996,"2":11837,"3":11266,"4":7508,"5":7218,"6":3415,"7":3005,"8":2424,"9":914,"10":687},"Percentage":{"0":33.6671802773,"1":13.2027294739,"2":13.0277349769,"3":12.3992956196,"4":8.2632621616,"5":7.9440898085,"6":3.758529606,"7":3.3072859344,"8":2.6678406339,"9":1.0059432093,"10":0.7561082985}}